{
  "SEA": {
    "Bryce Miller": {
      "FF": {
        "1": {
          "vx0": -5.206741862548386,
          "vy0": -4.460606148487854,
          "vz0": -137.15813044507527,
          "ax": 6.870804674389219,
          "ay": -10.70628164902962,
          "az": 32.11020938551983,
          "release_pos_x": -0.9473648648648649,
          "release_pos_y": 6.0,
          "release_pos_z": 5.941283783783783,
          "release_extension": 2.03,
          "spin_axis": 180,
          "release_spin_rate": 2400
        },
        "2": {
          "vx0": -3.6511863069928294,
          "vy0": -4.460606148487854,
          "vz0": -137.15813044507527,
          "ax": 6.870804674389219,
          "ay": -10.70628164902962,
          "az": 32.11020938551983,
          "release_pos_x": -0.9473648648648649,
          "release_pos_y": 6.0,
          "release_pos_z": 5.941283783783783,
          "release_extension": 2.03,
          "spin_axis": 180,
          "release_spin_rate": 2400
        },
        "3": {
          "vx0": -2.095630751437274,
          "vy0": -4.460606148487854,
          "vz0": -137.15813044507527,
          "ax": 6.870804674389219,
          "ay": -10.70628164902962,
          "az": 32.11020938551983,
          "release_pos_x": -0.9473648648648649,
          "release_pos_y": 6.0,
          "release_pos_z": 5.941283783783783,
          "release_extension": 2.03,
          "spin_axis": 180,
          "release_spin_rate": 2400
        },
        "4": {
          "vx0": -5.206741862548386,
          "vy0": -6.682828370710077,
          "vz0": -137.15813044507527,
          "ax": 6.870804674389219,
          "ay": -10.70628164902962,
          "az": 32.11020938551983,
          "release_pos_x": -0.9473648648648649,
          "release_pos_y": 6.0,
          "release_pos_z": 5.941283783783783,
          "release_extension": 2.03,
          "spin_axis": 180,
          "release_spin_rate": 2400
        },
        "5": {
          "vx0": -3.6511863069928294,
          "vy0": -6.682828370710077,
          "vz0": -137.15813044507527,
          "ax": 6.870804674389219,
          "ay": -10.70628164902962,
          "az": 32.11020938551983,
          "release_pos_x": -0.9473648648648649,
          "release_pos_y": 6.0,
          "release_pos_z": 5.941283783783783,
          "release_extension": 2.03,
          "spin_axis": 180,
          "release_spin_rate": 2400
        },
        "6": {
          "vx0": -2.095630751437274,
          "vy0": -6.682828370710077,
          "vz0": -137.15813044507527,
          "ax": 6.870804674389219,
          "ay": -10.70628164902962,
          "az": 32.11020938551983,
          "release_pos_x": -0.9473648648648649,
          "release_pos_y": 6.0,
          "release_pos_z": 5.941283783783783,
          "release_extension": 2.03,
          "spin_axis": 180,
          "release_spin_rate": 2400
        },
        "7": {
          "vx0": -5.206741862548386,
          "vy0": -8.905050592932298,
          "vz0": -137.15813044507527,
          "ax": 6.870804674389219,
          "ay": -10.70628164902962,
          "az": 32.11020938551983,
          "release_pos_x": -0.9473648648648649,
          "release_pos_y": 6.0,
          "release_pos_z": 5.941283783783783,
          "release_extension": 2.03,
          "spin_axis": 180,
          "release_spin_rate": 2400
        },
        "8": {
          "vx0": -3.6511863069928294,
          "vy0": -8.905050592932298,
          "vz0": -137.15813044507527,
          "ax": 6.870804674389219,
          "ay": -10.70628164902962,
          "az": 32.11020938551983,
          "release_pos_x": -0.9473648648648649,
          "release_pos_y": 6.0,
          "release_pos_z": 5.941283783783783,
          "release_extension": 2.03,
          "spin_axis": 180,
          "release_spin_rate": 2400
        },
        "9": {
          "vx0": -2.095630751437274,
          "vy0": -8.905050592932298,
          "vz0": -137.15813044507527,
          "ax": 6.870804674389219,
          "ay": -10.70628164902962,
          "az": 32.11020938551983,
          "release_pos_x": -0.9473648648648649,
          "release_pos_y": 6.0,
          "release_pos_z": 5.941283783783783,
          "release_extension": 2.03,
          "spin_axis": 180,
          "release_spin_rate": 2400
        }
      }
    }
  }
}