{
  "SEA": {
    "Bryce Miller": {
      "FF 1": {
        "vx0": 2.343332272196543,
        "vy0": -137.27057881738546,
        "vz0": -4.868460713390058,
        "ax": -6.437040648392661,
        "ay": 32.39996983530657,
        "az": -11.232861815246023,
        "release_pos_x": -0.965,
        "release_pos_z": 5.8825
      },
      "FF 2": {
        "vx0": 3.74528807832012,
        "vy0": -137.73959886240308,
        "vz0": -4.960065782075655,
        "ax": -7.842515122101198,
        "ay": 31.80539620164947,
        "az": -11.348220536104972,
        "release_pos_x": -0.9807142857142858,
        "release_pos_z": 5.993571428571428
      },
      "FF 3": {
        "vx0": 4.9359980547954985,
        "vy0": -137.39029430672684,
        "vz0": -5.062734795327936,
        "ax": -7.155799801971111,
        "ay": 31.70852441242953,
        "az": -10.640832514946407,
        "release_pos_x": -0.9880000000000001,
        "release_pos_z": 5.994999999999999
      },
      "FF 4": {
        "vx0": 2.10440053876395,
        "vy0": -137.42744895010998,
        "vz0": -6.771981795158495,
        "ax": -6.997470027286425,
        "ay": 31.453066438318825,
        "az": -11.255298273913107,
        "release_pos_x": -0.8928571428571429,
        "release_pos_z": 5.935714285714285
      },
      "FF 5": {
        "vx0": 3.534198643408563,
        "vy0": -136.8930434359607,
        "vz0": -6.70785128788215,
        "ax": -6.614920425956866,
        "ay": 32.059769866756454,
        "az": -11.078501270832447,
        "release_pos_x": -0.9761538461538461,
        "release_pos_z": 5.833846153846154
      },
      "FF 6": {
        "vx0": 4.92242459862335,
        "vy0": -137.37780326223256,
        "vz0": -6.616948092279666,
        "ax": -6.282827060130089,
        "ay": 32.338187879187366,
        "az": -10.331836684316544,
        "release_pos_x": -0.941875,
        "release_pos_z": 5.909375
      },
      "FF 7": {
        "vx0": 2.550245858509314,
        "vy0": -137.91715412328247,
        "vz0": -8.10127557521602,
        "ax": -8.899859602795065,
        "ay": 32.54641655040861,
        "az": -8.924703809141116,
        "release_pos_x": -1.04,
        "release_pos_z": 5.86
      },
      "FF 8": {
        "vx0": 3.541603324524831,
        "vy0": -137.45798970288828,
        "vz0": -8.110742694037194,
        "ax": -7.22946278763833,
        "ay": 31.806460041809746,
        "az": -10.128701910677957,
        "release_pos_x": -0.9314285714285715,
        "release_pos_z": 5.9314285714285715
      },
      "FF 9": {
        "vx0": 4.779831936019462,
        "vy0": -137.01356286406832,
        "vz0": -8.195258140009795,
        "ax": -6.249829931419934,
        "ay": 31.425770887337297,
        "az": -10.416437398894749,
        "release_pos_x": -0.8783333333333333,
        "release_pos_z": 5.878333333333333
      },
      "FS 1": {
        "vx0": 3.6311908703612525,
        "vy0": -120.90716209251327,
        "vz0": 0.12109423937950985,
        "ax": -8.039667852602529,
        "ay": 24.87625215813397,
        "az": -29.681648191129092,
        "release_pos_x": -1.42,
        "release_pos_z": 5.612
      },
      "FS 3": {
        "vx0": 5.480525982393553,
        "vy0": -121.41202267809642,
        "vz0": -0.3204656056334533,
        "ax": -8.280936216979391,
        "ay": 23.21277610083226,
        "az": -27.84256910995205,
        "release_pos_x": -1.43,
        "release_pos_z": 5.64
      },
      "FS 4": {
        "vx0": 3.590397837906344,
        "vy0": -119.01103573522934,
        "vz0": -0.121864594233469,
        "ax": -9.613510701427632,
        "ay": 25.377604865056142,
        "az": -30.840517577642146,
        "release_pos_x": -1.4500000000000002,
        "release_pos_z": 5.49
      },
      "FS 5": {
        "vx0": 5.226638740149204,
        "vy0": -123.00839526661989,
        "vz0": -1.3875857118057486,
        "ax": -9.81202896319973,
        "ay": 24.96990721834128,
        "az": -29.469175642159037,
        "release_pos_x": -1.335,
        "release_pos_z": 5.470000000000001
      },
      "FS 6": {
        "vx0": 5.530339944096707,
        "vy0": -120.30222050755623,
        "vz0": -1.3166074438332356,
        "ax": -8.400354841461551,
        "ay": 23.921681402065172,
        "az": -27.638735235518908,
        "release_pos_x": -1.3633333333333333,
        "release_pos_z": 5.533333333333334
      },
      "FS 7": {
        "vx0": 3.7248540220286417,
        "vy0": -117.65274523355713,
        "vz0": -1.19806445817739,
        "ax": -7.644194913440186,
        "ay": 23.70726370749952,
        "az": -30.45783166162947,
        "release_pos_x": -1.49,
        "release_pos_z": 5.3
      },
      "FS 8": {
        "vx0": 5.358197365874345,
        "vy0": -121.85327990645317,
        "vz0": -2.406736832803271,
        "ax": -10.792335905398371,
        "ay": 24.886512372873742,
        "az": -29.165425245371864,
        "release_pos_x": -1.42,
        "release_pos_z": 5.4725
      },
      "KC 1": {
        "vx0": 0.38080716494316025,
        "vy0": -119.82916801228751,
        "vz0": 3.021190616849635,
        "ax": 2.10068051667187,
        "ay": 23.540454027945465,
        "az": -43.200029904590394,
        "release_pos_x": -0.9950000000000001,
        "release_pos_z": 5.705
      },
      "KC 5": {
        "vx0": 2.8271818227608216,
        "vy0": -120.22549580991937,
        "vz0": -0.1239834025446946,
        "ax": 0.6573276370606903,
        "ay": 22.68244043083052,
        "az": -41.50929865203143,
        "release_pos_x": -1.18,
        "release_pos_z": 5.95
      },
      "KC 6": {
        "vx0": 3.290156351002268,
        "vy0": -119.44810628832494,
        "vz0": 0.7100801077630231,
        "ax": 3.2699535860387035,
        "ay": 24.214389344785086,
        "az": -40.706429670052174,
        "release_pos_x": -1.2133333333333334,
        "release_pos_z": 5.8
      },
      "KC 8": {
        "vx0": 1.9468296301591812,
        "vy0": -119.1003235740347,
        "vz0": -0.23421385262524438,
        "ax": 3.9044285784009496,
        "ay": 24.029700487057777,
        "az": -43.07898651641275,
        "release_pos_x": -1.1933333333333334,
        "release_pos_z": 5.783333333333334
      },
      "KC 9": {
        "vx0": 2.761233923506496,
        "vy0": -120.43302972540636,
        "vz0": -0.33725093425436875,
        "ax": 3.2221309078889404,
        "ay": 24.25910808640525,
        "az": -41.66322162564492,
        "release_pos_x": -1.1575000000000002,
        "release_pos_z": 5.7375
      },
      "SI 1": {
        "vx0": 5.024637167223255,
        "vy0": -136.37879016439203,
        "vz0": -3.930373049851755,
        "ax": -18.581285873752435,
        "ay": 30.38253648588717,
        "az": -17.412173133117463,
        "release_pos_x": -1.2149999999999999,
        "release_pos_z": 5.86
      },
      "SI 2": {
        "vx0": 5.092391899909363,
        "vy0": -137.03414046812065,
        "vz0": -3.776361771667336,
        "ax": -15.150685319287538,
        "ay": 32.277129227087606,
        "az": -17.54519141002123,
        "release_pos_x": -1.1333333333333333,
        "release_pos_z": 5.796666666666667
      },
      "SI 3": {
        "vx0": 6.177724143251459,
        "vy0": -136.38258179366338,
        "vz0": -3.477953720175796,
        "ax": -13.206449837827526,
        "ay": 32.23635925524045,
        "az": -17.060451450554933,
        "release_pos_x": -1.1066666666666667,
        "release_pos_z": 5.73
      },
      "SI 4": {
        "vx0": 4.921438244209725,
        "vy0": -137.0076718038872,
        "vz0": -5.105338676449187,
        "ax": -17.271467392327434,
        "ay": 30.46975675916667,
        "az": -17.163970005213304,
        "release_pos_x": -1.2750000000000001,
        "release_pos_z": 5.739999999999999
      },
      "SI 5": {
        "vx0": 6.086036689549609,
        "vy0": -137.0052657767037,
        "vz0": -5.4902538351112655,
        "ax": -17.896258442517126,
        "ay": 30.75933008453734,