{
  "PIT": {
    "Skenes, Paul": {
      "FF": {
        "vx0": 9.16968,
        "vy0": -142.487239,
        "vz0": -4.432891,
        "ax": -19.116965,
        "ay": 33.400014,
        "az": -18.398137,
        "release_pos_x": -2.319254,
        "release_pos_y": 53.852704,
        "release_pos_z": 5.57951,
        "release_spin_rate": 2245.536131,
        "spin_axis": 240.018648}}}}
