{
  "PIT": {
    "Skenes, Paul": {
      "CH": {
        "vx0": 7.594888778157655,
        "vy0": -127.75865022538821,
        "vz0": -4.261840360749526,
        "ax": -17.983727906047843,
        "ay": 27.444312761493165,
        "az": -27.069409245077885,
        "release_pos_x": -2.5143617021276596,
        "release_pos_y": 53.962340425531906,
        "release_pos_z": 5.564042553191489,
        "release_extension": 6.530851063829787,
        "release_spin_rate": 1863.7659574468084,
        "spin_axis": 267.1808510638298
      },
      "CU": {
        "vx0": 5.2791153041956305,
        "vy0": -121.16206496954811,
        "vz0": -1.9663914913093996,
        "ax": 4.300949008752715,
        "ay": 23.14460178891757,
        "az": -34.17328202967671,
        "release_pos_x": -2.5505263157894738,
        "release_pos_y": 54.06894736842105,
        "release_pos_z": 5.624035087719298,
        "release_extension": 6.428070175438596,
        "release_spin_rate": 2461.3333333333335,
        "spin_axis": 82.59649122807018
      },
      "FF": {
        "vx0": 9.169679626902498,
        "vy0": -142.48723943925103,
        "vz0": -4.432891248318596,
        "ax": -19.116965167297504,
        "ay": 33.400014483069825,
        "az": -18.398136954843807,
        "release_pos_x": -2.3192540792540792,
        "release_pos_y": 53.852703962703956,
        "release_pos_z": 5.57951048951049,
        "release_extension": 6.644289044289044,
        "release_spin_rate": 2245.5361305361307,
        "spin_axis": 240.018648018648
      },
      "FS": {
        "vx0": 7.685097524677687,
        "vy0": -136.15507912993579,
        "vz0": -3.809335682068289,
        "ax": -16.117064335003846,
        "ay": 29.762228648927497,
        "az": -31.482813041884217,
        "release_pos_x": -2.3885074626865666,
        "release_pos_y": 53.93783582089552,
        "release_pos_z": 5.547350746268656,
        "release_extension": 6.561940298507462,
        "release_spin_rate": 1712.9402985074628,
        "spin_axis": 251.42537313432837
      },
      "SI": {
        "vx0": 7.839969332435713,
        "vy0": -141.40160818461436,
        "vz0": -5.094166145651274,
        "ax": -22.125998914923443,
        "ay": 32.780889876653724,
        "az": -24.834678856892275,
        "release_pos_x": -2.2864102564102566,
        "release_pos_y": 53.92294871794871,
        "release_pos_z": 5.563461538461539,
        "release_extension": 6.5807692307692305,
        "release_spin_rate": 2293.858974358974,
        "spin_axis": 241.64102564102564
      },
      "SL": {
        "vx0": 5.62708810079137,
        "vy0": -123.39287733855704,
        "vz0": -2.439957746433656,
        "ax": 1.865711282773702,
        "ay": 25.59428335411733,
        "az": -25.20980230579973,
        "release_pos_x": -2.4230864197530866,
        "release_pos_y": 53.95913580246914,
        "release_pos_z": 5.481234567901235,
        "release_extension": 6.544444444444446,
        "release_spin_rate": 2319.0,
        "spin_axis": 100.27160493827161
      },
      "ST": {
        "vx0": 4.357521253723216,
        "vy0": -122.61040093933356,
        "vz0": -2.3862935528335467,
        "ax": 8.633720728255232,
        "ay": 25.66097205009521,
        "az": -26.74955115385536,
        "release_pos_x": -2.3884659090909093,
        "release_pos_y": 53.94840909090909,
        "release_pos_z": 5.488409090909091,
        "release_extension": 6.552840909090909,
        "release_spin_rate": 2335.4545454545455,
        "spin_axis": 93.66477272727273
      }
    }
  }
}